{
  "posts": [
    {
      "id": "3",
      "title": "json-server",
      "author": "typicode"
    }
  ],
  "comments": [
    {
      "id": "2",
      "body": "some comment",
      "postId": 1
    }
  ],

  "diseases": [
    {
      "id": "0",
      "name": "yaw gar 1"
    },
    {
      "id": "1",
      "name": "yar gar 2"
    },
    {
      "id": "2",
      "name": "yaw gar 3"
    },
    {
      "id": "3",
      "name": "yaw gar 4"
    },
    {
      "id": "4",
      "name": "eeeeeee"
    },
    {
      "id": "5",
      "name": "fdfdfd"
    },
    {
      "id": "6",
      "name": "dfdfdfd"
    },
    {
      "id": "7",
      "name": "fdfdf"
    },
    {
      "id": "8",
      "name": "dfdfdf"
    },
    {
      "id": "9",
      "name": "fdfdf"
    }
  ]
  
}