{
  "patients": [
    {
      "fullName": "Ko Hla Shwe",
      "gender": "M",
      "phoneNumber": "09123456789",
      "email": "kohlashwe@gmail.com",
      "bloodType": "O",
      "dateOfBirth": "1999-07-2017",
      "address": "No(14),Pyin Oo Lwin,Mandalay",
      "id": "8751"
    },
    {
      "id": "3002",
      "name": "fff",
      "gender": "Female",
      "phoneNumber": "adf",
      "email": "afd",
      "bloodType": "A",
      "birthDate": "2024-04-04T00:00:00.000Z",
      "address": "asf"
    },
    {
      "id": "01fe",
      "name": "zaw zaw",
      "gender": "Male",
      "phoneNumber": "0989898912",
      "email": "zawzaw@gmail.com",
      "bloodType": "AB",
      "birthDate": "2000-07-05T00:00:00.000Z",
      "address": "Mdy"
    },
    {
      "id": "098e",
      "name": "zaw zaw",
      "gender": "Male",
      "phoneNumber": "09090232323",
      "email": "zawzaw@gmail.com",
      "bloodType": "A",
      "birthDate": "2024-02-27T00:00:00.000Z",
      "address": "Ygn"
    },
    {
      "id": "805d",
      "Name": "fff",
      "Gender": "other",
      "phoneNumber": "fff",
      "Email": "ff",
      "BloodType": "B",
      "BirthDate": "2024-02-28T00:00:00.000Z",
      "Address": "fff"
    }
  ]
}